"fact_id","fact_statement","owning_artifact_id","may_also_appear_in","must_not_appear_in","demo_question"
"F-TIMING","P_ADJUST_REVENUE runs at 02:15 IST, after the 01:00 IST nightly load completes. (Full canonical form: FIN_PROD.PKG_MONTH_END.P_ADJUST_REVENUE is scheduled inside ORION by the DBMS_SCHEDULER job FIN_MTHEND_ADJ_NIGHTLY at 02:15 IST every night, after the 01:00 IST nightly load has already extracted the invoice lines.) Within that run P_RECALC_SCHEME_DISCOUNT reaches the OMS_PROD.INVOICE_LINE update at about 02:40 IST and P_POST_GL_SUMMARY posts at about 02:55 IST. FORBIDDEN IN EVERY FORM ELSEWHERE: the time 02:15, the time 02:40, the time 02:55, or any rendering of any of them ('quarter past two', '2.15 am', 'around 2.40', 'twenty to three', '02:40 hrs', 'just after two'); any statement that a procedure runs after the load; any statement that the recalculation rewrites rows that were already extracted; and any ordering claim between the load and the procedure. The load's own 01:00 start and its ~02:05 completion are F-LOADSTART, not this fact, and are shared. CANON.md, schema_canon.sql, procs_canon.sql, procs_canon.md and odi_canon.md are canon-internal and may state it; nothing in _sources/ may.","DOC-03","none","T-01; T-02; T-03; T-04; T-05; T-06; T-07; T-08; DK-01; DK-02; DK-03; DK-04; DK-05; DK-06; EM-012; EM-023; EM-041; EM-047; EM-055; EM-061; EM-063; EM-068; EM-072; EM-075; EM-078; EM-081; EM-084; EM-089; EM-092; DOC-01; DOC-02; DOC-04; DOC-05; XL-01; XL-02; XL-03; XL-04; TECH-SQL-OLTP; TECH-SQL-EDW; TECH-PKG; TECH-ODI-XML; TECH-CSV; TECH-CTLM; TECH-PROPS; CH-01; CH-02; REC-01; REC-02; REC-03; REC-04; REC-05; REC-06; REC-07; REC-08","Q3"
"F-ADDITIVE","P_RECALC_SCHEME_DISCOUNT updates OMS_PROD.INVOICE_LINE.SCHEME_DISC_AMT additively (SET SCHEME_DISC_AMT = NVL(SCHEME_DISC_AMT,0) + v_delta) with no idempotency guard and no run marker, and touching the row bumps LAST_UPD_DT. DOC-03 states this in prose. TECH-PKG carries it as code only, with no schedule and no reference to the nightly load.","DOC-03","TECH-PKG","T-01; T-02; T-03; T-04; T-05; T-06; T-07; T-08; DK-01; DK-02; DK-03; DK-04; DK-05; DK-06; EM-012; EM-023; EM-041; EM-047; EM-055; EM-061; EM-063; EM-068; EM-072; EM-075; EM-078; EM-081; EM-084; EM-089; EM-092; DOC-01; DOC-02; DOC-04; DOC-05; XL-01; XL-02; XL-03; XL-04; TECH-SQL-OLTP; TECH-SQL-EDW; TECH-ODI-XML; TECH-CSV; TECH-CTLM; TECH-PROPS; CH-01; CH-02; REC-01; REC-02; REC-03; REC-04; REC-05; REC-06; REC-07; REC-08","Q3"
"F-CNGAP","BCPL_EDW has no FACT_CREDIT_NOTE table; Finance nets credit notes manually in Excel. Written ONCE in DOC-05 as a parenthetical aside inside the target model discussion, not as a heading, not as a risk, not as a bullet. Canonical wording to use: '(There is no FACT_CREDIT_NOTE in BCPL_EDW; credit notes were left out of the 2021 build and Finance nets them by hand in Excel each month, so the warehouse revenue line is gross of them.)'","DOC-05","none","T-01; T-02; T-03; T-04; T-05; T-06; T-07; T-08; DK-01; DK-02; DK-03; DK-04; DK-05; DK-06; EM-012; EM-023; EM-041; EM-047; EM-055; EM-061; EM-063; EM-068; EM-072; EM-075; EM-078; EM-081; EM-084; EM-089; EM-092; DOC-01; DOC-02; DOC-03; DOC-04; XL-01; XL-02; XL-03; XL-04; TECH-SQL-OLTP; TECH-SQL-EDW; TECH-PKG; TECH-ODI-XML; TECH-CSV; TECH-CTLM; TECH-PROPS; CH-01; CH-02; REC-01; REC-02; REC-03; REC-04; REC-05; REC-06; REC-07; REC-08","Q5"
"F-DELFLAG","DELETE_FLAG was added in 2019 and pre-Apr-2019 rows were never backfilled, so they are NULL. (Canonical detail: the column was added to INVOICE_HEADER and INVOICE_LINE in release R11.4 deployed 30-Mar-2019 and is populated only for rows created from 01-Apr-2019 onward, which is why 9,215,388 rows are null.) No other artifact may explain WHY the nulls exist. Other artifacts may report that nulls exist and how many.","DOC-01","none","T-01; T-02; T-03; T-04; T-05; T-06; T-07; T-08; DK-01; DK-02; DK-03; DK-04; DK-05; DK-06; EM-012; EM-023; EM-041; EM-047; EM-055; EM-061; EM-063; EM-068; EM-072; EM-075; EM-078; EM-081; EM-084; EM-089; EM-092; DOC-02; DOC-03; DOC-04; DOC-05; XL-01; XL-02; XL-03; XL-04; TECH-SQL-OLTP; TECH-SQL-EDW; TECH-PKG; TECH-ODI-XML; TECH-CSV; TECH-CTLM; TECH-PROPS; CH-01; CH-02; REC-01; REC-02; REC-03; REC-04; REC-05; REC-06; REC-07; REC-08","Q3"
"F-MANUAL","LP_MONTHEND_FIN requires an undocumented manual step before it can be run. (Canonical detail: an operator must set BCPL_EDW.ETL_PARAM.PARAM_VALUE for PARAM_NAME='FIN_PERIOD_OPEN' to the closing period as YYYYMM before the load plan is submitted. There is no validation, no alert and no documentation, and if it is not set the previous period is reloaded.) Other artifacts may mention that ETL_PARAM exists. None may explain this row or the manual step.","DOC-02","none","T-01; T-02; T-03; T-04; T-05; T-06; T-07; T-08; DK-01; DK-02; DK-03; DK-04; DK-05; DK-06; EM-012; EM-023; EM-041; EM-047; EM-055; EM-061; EM-063; EM-068; EM-072; EM-075; EM-078; EM-081; EM-084; EM-089; EM-092; DOC-01; DOC-03; DOC-04; DOC-05; XL-01; XL-02; XL-03; XL-04; TECH-SQL-OLTP; TECH-SQL-EDW; TECH-PKG; TECH-ODI-XML; TECH-CSV; TECH-CTLM; TECH-PROPS; CH-01; CH-02; REC-01; REC-02; REC-03; REC-04; REC-05; REC-06; REC-07; REC-08","-"
"F-OWNER4","VAR-004 was reassigned from Farida to Ishaan. Recorded only in EM-055 of 09-Jul-2026. No other artifact may state, imply or contrast that VAR-004 changed hands, name Farida Contractor as its former owner, or note that the tracker is out of date. XL-01 must keep showing 'F. Contractor' in the VAR-004 owner cell.","EM-055","none","T-01; T-02; T-03; T-04; T-05; T-06; T-07; T-08; DK-01; DK-02; DK-03; DK-04; DK-05; DK-06; EM-012; EM-023; EM-041; EM-047; EM-061; EM-063; EM-068; EM-072; EM-075; EM-078; EM-081; EM-084; EM-089; EM-092; DOC-01; DOC-02; DOC-03; DOC-04; DOC-05; XL-01; XL-02; XL-03; XL-04; TECH-SQL-OLTP; TECH-SQL-EDW; TECH-PKG; TECH-ODI-XML; TECH-CSV; TECH-CTLM; TECH-PROPS; CH-01; CH-02; REC-01; REC-02; REC-03; REC-04; REC-05; REC-06; REC-07; REC-08","-"
"F-CHATDEC","Stock transfer invoices are excluded from FACT_INVOICE_LINE. Agreed casually between Karthik Subramanian and Ishaan Bhatt in the Teams channel on 25-Jun-2026: the MAP_FACT_INVOICE_LINE filter changes from DOC_TYPE <> 'SMP' to DOC_TYPE = 'INV', which drops the 4.7 percent of invoice lines that are inter-depot stock transfer notes (DOC_TYPE='STN'), shipped in release R2026.07 on 08-Jul-2026. It is written down nowhere else: not in XL-04 (saved 10-Jun, fifteen days earlier), not in the ODI export (taken 20-May), not in any minutes, not in any ADR, not in DOC-05.","CH-01","none","T-01; T-02; T-03; T-04; T-05; T-06; T-07; T-08; DK-01; DK-02; DK-03; DK-04; DK-05; DK-06; EM-012; EM-023; EM-041; EM-047; EM-055; EM-061; EM-063; EM-068; EM-072; EM-075; EM-078; EM-081; EM-084; EM-089; EM-092; DOC-01; DOC-02; DOC-03; DOC-04; DOC-05; XL-01; XL-02; XL-03; XL-04; TECH-SQL-OLTP; TECH-SQL-EDW; TECH-PKG; TECH-ODI-XML; TECH-CSV; TECH-CTLM; TECH-PROPS; CH-02; REC-01; REC-02; REC-03; REC-04; REC-05; REC-06; REC-07; REC-08","-"
"F-GOLIVE-ORIG","Go-live is 15 September 2026. Stated at kickoff. EM-068 may restate it only in order to say it will not hold.","DK-01","T-01; EM-068","T-02; T-03; T-04; T-05; T-06; T-07; T-08; DK-02; DK-03; DK-04; DK-05; DK-06; EM-012; EM-023; EM-041; EM-047; EM-055; EM-061; EM-063; EM-072; EM-075; EM-078; EM-081; EM-084; EM-089; EM-092; DOC-01; DOC-02; DOC-03; DOC-04; DOC-05; XL-01; XL-02; XL-03; XL-04; TECH-SQL-OLTP; TECH-SQL-EDW; TECH-PKG; TECH-ODI-XML; TECH-CSV; TECH-CTLM; TECH-PROPS; CH-01; CH-02; REC-01; REC-02; REC-03; REC-04; REC-05; REC-06; REC-07; REC-08","Q1"
"F-GOLIVE-SLIP1","Go-live moves from 15 September 2026 to 30 October 2026. The value 30-Oct-2026 appears in EM-068 and in no other artifact. T-08 and DK-06 refer to 'the current plan date' without stating it.","EM-068","none","T-01; T-02; T-03; T-04; T-05; T-06; T-07; T-08; DK-01; DK-02; DK-03; DK-04; DK-05; DK-06; EM-012; EM-023; EM-041; EM-047; EM-055; EM-061; EM-063; EM-072; EM-075; EM-078; EM-081; EM-084; EM-089; EM-092; DOC-01; DOC-02; DOC-03; DOC-04; DOC-05; XL-01; XL-02; XL-03; XL-04; TECH-SQL-OLTP; TECH-SQL-EDW; TECH-PKG; TECH-ODI-XML; TECH-CSV; TECH-CTLM; TECH-PROPS; CH-01; CH-02; REC-01; REC-02; REC-03; REC-04; REC-05; REC-06; REC-07; REC-08","Q1"
"F-GOLIVE-REASON1","Reason for the first slip: the ORION R12.2.9 patch weekend of 12 to 20 September locks the source system, and the VAR-004 and VAR-007 remediation will not be complete, so UAT cannot start before 05-Oct-2026.","EM-068","none","T-01; T-02; T-03; T-04; T-05; T-06; T-07; T-08; DK-01; DK-02; DK-03; DK-04; DK-05; DK-06; EM-012; EM-023; EM-041; EM-047; EM-055; EM-061; EM-063; EM-072; EM-075; EM-078; EM-081; EM-084; EM-089; EM-092; DOC-01; DOC-02; DOC-03; DOC-04; DOC-05; XL-01; XL-02; XL-03; XL-04; TECH-SQL-OLTP; TECH-SQL-EDW; TECH-PKG; TECH-ODI-XML; TECH-CSV; TECH-CTLM; TECH-PROPS; CH-01; CH-02; REC-01; REC-02; REC-03; REC-04; REC-05; REC-06; REC-07; REC-08","Q1"
"F-GOLIVE-FINAL","Go-live is 12 November 2026.","DK-06","T-08","T-01; T-02; T-03; T-04; T-05; T-06; T-07; DK-01; DK-02; DK-03; DK-04; DK-05; EM-012; EM-023; EM-041; EM-047; EM-055; EM-061; EM-063; EM-068; EM-072; EM-075; EM-078; EM-081; EM-084; EM-089; EM-092; DOC-01; DOC-02; DOC-03; DOC-04; DOC-05; XL-01; XL-02; XL-03; XL-04; TECH-SQL-OLTP; TECH-SQL-EDW; TECH-PKG; TECH-ODI-XML; TECH-CSV; TECH-CTLM; TECH-PROPS; CH-01; CH-02; REC-01; REC-02; REC-03; REC-04; REC-05; REC-06; REC-07; REC-08","Q1"
"F-GOLIVE-REASON2","Reason for the final date: the Klarissen Group close blackout of 26 October to 06 November CET forbids a cutover in that window, so the steering committee takes the cutover weekend of 7-8 November and a business go-live on Thursday 12 November 2026.","T-08","DK-06","T-01; T-02; T-03; T-04; T-05; T-06; T-07; DK-01; DK-02; DK-03; DK-04; DK-05; EM-012; EM-023; EM-041; EM-047; EM-055; EM-061; EM-063; EM-068; EM-072; EM-075; EM-078; EM-081; EM-084; EM-089; EM-092; DOC-01; DOC-02; DOC-03; DOC-04; DOC-05; XL-01; XL-02; XL-03; XL-04; TECH-SQL-OLTP; TECH-SQL-EDW; TECH-PKG; TECH-ODI-XML; TECH-CSV; TECH-CTLM; TECH-PROPS; CH-01; CH-02; REC-01; REC-02; REC-03; REC-04; REC-05; REC-06; REC-07; REC-08","Q1"
"F-CUTOVER","Cutover weekend 07-08 November 2026, historical reload 09 to 11 November, business go-live 12 November, hypercare to 11 December 2026.","DK-06","T-08","T-01; T-02; T-03; T-04; T-05; T-06; T-07; DK-01; DK-02; DK-03; DK-04; DK-05; EM-012; EM-023; EM-041; EM-047; EM-055; EM-061; EM-063; EM-068; EM-072; EM-075; EM-078; EM-081; EM-084; EM-089; EM-092; DOC-01; DOC-02; DOC-03; DOC-04; DOC-05; XL-01; XL-02; XL-03; XL-04; TECH-SQL-OLTP; TECH-SQL-EDW; TECH-PKG; TECH-ODI-XML; TECH-CSV; TECH-CTLM; TECH-PROPS; CH-01; CH-02; REC-01; REC-02; REC-03; REC-04; REC-05; REC-06; REC-07; REC-08","Q1"
"F-UAT-ORIG","UAT runs 10 to 28 August 2026 (the plan built around a 15-Sep go-live).","DK-01","none","T-01; T-02; T-03; T-04; T-05; T-06; T-07; T-08; DK-02; DK-03; DK-04; DK-05; DK-06; EM-012; EM-023; EM-041; EM-047; EM-055; EM-061; EM-063; EM-068; EM-072; EM-075; EM-078; EM-081; EM-084; EM-089; EM-092; DOC-01; DOC-02; DOC-03; DOC-04; DOC-05; XL-01; XL-02; XL-03; XL-04; TECH-SQL-OLTP; TECH-SQL-EDW; TECH-PKG; TECH-ODI-XML; TECH-CSV; TECH-CTLM; TECH-PROPS; CH-01; CH-02; REC-01; REC-02; REC-03; REC-04; REC-05; REC-06; REC-07; REC-08","Q1"
"F-UAT-FINAL","UAT runs 12 October to 06 November 2026.","EM-089","CH-02","T-01; T-02; T-03; T-04; T-05; T-06; T-07; T-08; DK-01; DK-02; DK-03; DK-04; DK-05; DK-06; EM-012; EM-023; EM-041; EM-047; EM-055; EM-061; EM-063; EM-068; EM-072; EM-075; EM-078; EM-081; EM-084; EM-092; DOC-01; DOC-02; DOC-03; DOC-04; DOC-05; XL-01; XL-02; XL-03; XL-04; TECH-SQL-OLTP; TECH-SQL-EDW; TECH-PKG; TECH-ODI-XML; TECH-CSV; TECH-CTLM; TECH-PROPS; CH-01; REC-01; REC-02; REC-03; REC-04; REC-05; REC-06; REC-07; REC-08","Q1"
"F-SCD2-OPTION","SCD2 for DIM_CUSTOMER is raised as the option at the architecture review of 14-Apr-2026, because distributor territory reassignment must not restate history.","T-04","none","T-01; T-02; T-03; T-05; T-06; T-07; T-08; DK-01; DK-02; DK-03; DK-04; DK-05; DK-06; EM-012; EM-023; EM-041; EM-047; EM-055; EM-061; EM-063; EM-068; EM-072; EM-075; EM-078; EM-081; EM-084; EM-089; EM-092; DOC-01; DOC-02; DOC-03; DOC-04; DOC-05; XL-01; XL-02; XL-03; XL-04; TECH-SQL-OLTP; TECH-SQL-EDW; TECH-PKG; TECH-ODI-XML; TECH-CSV; TECH-CTLM; TECH-PROPS; CH-01; CH-02; REC-01; REC-02; REC-03; REC-04; REC-05; REC-06; REC-07; REC-08","Q2"
"F-SCD1-PROPOSED","SCD1 was proposed for DIM_PRODUCT at the architecture review of 14-Apr-2026 on the grounds that SKU attributes rarely change. DOC-04 may reference this only as the superseded position inside ADR-003.","T-04","DOC-04","T-01; T-02; T-03; T-05; T-06; T-07; T-08; DK-01; DK-02; DK-03; DK-04; DK-05; DK-06; EM-012; EM-023; EM-041; EM-047; EM-055; EM-061; EM-063; EM-068; EM-072; EM-075; EM-078; EM-081; EM-084; EM-089; EM-092; DOC-01; DOC-02; DOC-03; DOC-05; XL-01; XL-02; XL-03; XL-04; TECH-SQL-OLTP; TECH-SQL-EDW; TECH-PKG; TECH-ODI-XML; TECH-CSV; TECH-CTLM; TECH-PROPS; CH-01; CH-02; REC-01; REC-02; REC-03; REC-04; REC-05; REC-06; REC-07; REC-08","Q2"
"F-SCD2-OBJECTION","Farida Contractor objects that SCD2 on DIM_CUSTOMER will add 12 to 15 minutes on month-end nights and that the window has already been breached twice this quarter, on 14-Feb-2026 and 02-Mar-2026. Her 12 to 15 minute figure is an estimate and is wrong.","EM-041","none","T-01; T-02; T-03; T-04; T-05; T-06; T-07; T-08; DK-01; DK-02; DK-03; DK-04; DK-05; DK-06; EM-012; EM-023; EM-047; EM-055; EM-061; EM-063; EM-068; EM-072; EM-075; EM-078; EM-081; EM-084; EM-089; EM-092; DOC-01; DOC-02; DOC-03; DOC-04; DOC-05; XL-01; XL-02; XL-03; XL-04; TECH-SQL-OLTP; TECH-SQL-EDW; TECH-PKG; TECH-ODI-XML; TECH-CSV; TECH-CTLM; TECH-PROPS; CH-01; CH-02; REC-01; REC-02; REC-03; REC-04; REC-05; REC-06; REC-07; REC-08","Q2"
"F-SCD2-COUNTER","Measured cost of SCD2 on DIM_CUSTOMER is +7 minutes 28 seconds (4 min 12 sec becomes 11 min 40 sec, measured on DEV on 21-Apr-2026). On the worst month-end night in the 76-night sample the run moves from finishing 04:12 IST to finishing 04:20 IST, which is 70 minutes inside the 05:30 IST SLA. EM-047 may carry the headline numbers as a covering note; the model, the assumptions and the scenarios live in XL-03.","XL-03","EM-047","T-01; T-02; T-03; T-04; T-05; T-06; T-07; T-08; DK-01; DK-02; DK-03; DK-04; DK-05; DK-06; EM-012; EM-023; EM-041; EM-055; EM-061; EM-063; EM-068; EM-072; EM-075; EM-078; EM-081; EM-084; EM-089; EM-092; DOC-01; DOC-02; DOC-03; DOC-04; DOC-05; XL-01; XL-02; XL-04; TECH-SQL-OLTP; TECH-SQL-EDW; TECH-PKG; TECH-ODI-XML; TECH-CSV; TECH-CTLM; TECH-PROPS; CH-01; CH-02; REC-01; REC-02; REC-03; REC-04; REC-05; REC-06; REC-07; REC-08","Q2"
"F-SCD2-DECISION","SCD2 for DIM_CUSTOMER and for DIM_PRODUCT is approved at the design sign-off of 06-May-2026.","T-05","DOC-04","T-01; T-02; T-03; T-04; T-06; T-07; T-08; DK-01; DK-02; DK-03; DK-04; DK-05; DK-06; EM-012; EM-023; EM-041; EM-047; EM-055; EM-061; EM-063; EM-068; EM-072; EM-075; EM-078; EM-081; EM-084; EM-089; EM-092; DOC-01; DOC-02; DOC-03; DOC-05; XL-01; XL-02; XL-03; XL-04; TECH-SQL-OLTP; TECH-SQL-EDW; TECH-PKG; TECH-ODI-XML; TECH-CSV; TECH-CTLM; TECH-PROPS; CH-01; CH-02; REC-01; REC-02; REC-03; REC-04; REC-05; REC-06; REC-07; REC-08","Q2"
"F-SCD2-RATIONALE","Rationale for SCD2 on DIM_CUSTOMER, written up as ADR-002: a distributor territory reassignment must not restate prior-period sales against the new territory, so the dimension carries EFF_START_DT, EFF_END_DT and CURRENT_FLG and facts join on the surrogate key valid at invoice date.","DOC-04","T-05","T-01; T-02; T-03; T-04; T-06; T-07; T-08; DK-01; DK-02; DK-03; DK-04; DK-05; DK-06; EM-012; EM-023; EM-041; EM-047; EM-055; EM-061; EM-063; EM-068; EM-072; EM-075; EM-078; EM-081; EM-084; EM-089; EM-092; DOC-01; DOC-02; DOC-03; DOC-05; XL-01; XL-02; XL-03; XL-04; TECH-SQL-OLTP; TECH-SQL-EDW; TECH-PKG; TECH-ODI-XML; TECH-CSV; TECH-CTLM; TECH-PROPS; CH-01; CH-02; REC-01; REC-02; REC-03; REC-04; REC-05; REC-06; REC-07; REC-08","Q2"
"F-ADR-REGISTER","The ADR register ADR-001 to ADR-005 (star schema and grain; DIM_CUSTOMER SCD2; DIM_PRODUCT SCD2 superseding SCD1; VAR-003 remediation approach; DIM_DATE key from INVOICE_DT in IST) is held as an appendix in DOC-04.","DOC-04","none","T-01; T-02; T-03; T-04; T-05; T-06; T-07; T-08; DK-01; DK-02; DK-03; DK-04; DK-05; DK-06; EM-012; EM-023; EM-041; EM-047; EM-055; EM-061; EM-063; EM-068; EM-072; EM-075; EM-078; EM-081; EM-084; EM-089; EM-092; DOC-01; DOC-02; DOC-03; DOC-05; XL-01; XL-02; XL-03; XL-04; TECH-SQL-OLTP; TECH-SQL-EDW; TECH-PKG; TECH-ODI-XML; TECH-CSV; TECH-CTLM; TECH-PROPS; CH-01; CH-02; REC-01; REC-02; REC-03; REC-04; REC-05; REC-06; REC-07; REC-08","Q2"
"F-DBLINK-HYP","VAR-003 is believed to be caused by latency on the ORION_PRD database link. This is the misdirection. It originates in T-03 on 24-Mar-2026, may be carried as an open line of enquiry in DK-02 and in the XL-01 root cause cell before May, and is restated in T-04 only in order to be ruled out.","T-03","DK-02; T-04; XL-01","T-01; T-02; T-05; T-06; T-07; T-08; DK-01; DK-03; DK-04; DK-05; DK-06; EM-012; EM-023; EM-041; EM-047; EM-055; EM-061; EM-063; EM-068; EM-072; EM-075; EM-078; EM-081; EM-084; EM-089; EM-092; DOC-01; DOC-02; DOC-03; DOC-04; DOC-05; XL-02; XL-03; XL-04; TECH-SQL-OLTP; TECH-SQL-EDW; TECH-PKG; TECH-ODI-XML; TECH-CSV; TECH-CTLM; TECH-PROPS; CH-01; CH-02; REC-01; REC-02; REC-03; REC-04; REC-05; REC-06; REC-07; REC-08","Q3"
"F-DBLINK-RULEDOUT","The DBLINK hypothesis is ruled out at the architecture review with AWR evidence for 23-Mar-2026 01:00-03:00: 4.1 minutes of SQL*Net message from dblink wait across the whole load, 38 ms average round trip over 6,412 round trips, 1.2 percent of elapsed. Latency makes a load slow; it does not make an amount wrong, and the duplicated amounts are exact duplicates.","T-04","DK-03; XL-01","T-01; T-02; T-03; T-05; T-06; T-07; T-08; DK-01; DK-02; DK-04; DK-05; DK-06; EM-012; EM-023; EM-041; EM-047; EM-055; EM-061; EM-063; EM-068; EM-072; EM-075; EM-078; EM-081; EM-084; EM-089; EM-092; DOC-01; DOC-02; DOC-03; DOC-04; DOC-05; XL-02; XL-03; XL-04; TECH-SQL-OLTP; TECH-SQL-EDW; TECH-PKG; TECH-ODI-XML; TECH-CSV; TECH-CTLM; TECH-PROPS; CH-01; CH-02; REC-01; REC-02; REC-03; REC-04; REC-05; REC-06; REC-07; REC-08","Q3"
"F-VAR003-AREA","VAR-003 originates in an ORION-side scheme recalculation rather than in ODI. Permitted phrasings: 'root cause is source-side, not in the ETL', 'a finance procedure in ORION rewrites the scheme discount amount', 'see the stored procedure walkthrough for the detail'. NOT permitted: any timing, any ordering, any clock time, any statement about re-extraction.","DK-03","T-05; XL-01; DOC-03; EM-092; CH-01; DK-06; T-08","T-01; T-02; T-03; T-04; T-06; T-07; DK-01; DK-02; DK-04; DK-05; EM-012; EM-023; EM-041; EM-047; EM-055; EM-061; EM-063; EM-068; EM-072; EM-075; EM-078; EM-081; EM-084; EM-089; DOC-01; DOC-02; DOC-04; DOC-05; XL-02; XL-03; XL-04; TECH-SQL-OLTP; TECH-SQL-EDW; TECH-PKG; TECH-ODI-XML; TECH-CSV; TECH-CTLM; TECH-PROPS; CH-02; REC-01; REC-02; REC-03; REC-04; REC-05; REC-06; REC-07; REC-08","Q3"
"F-VAR003-OWNER","VAR-003 is owned by Aniruddh Deshpande.","XL-01","T-05; DK-06; T-08; CH-01; EM-092","T-01; T-02; T-03; T-04; T-06; T-07; DK-01; DK-02; DK-03; DK-04; DK-05; EM-012; EM-023; EM-041; EM-047; EM-055; EM-061; EM-063; EM-068; EM-072; EM-075; EM-078; EM-081; EM-084; EM-089; DOC-01; DOC-02; DOC-03; DOC-04; DOC-05; XL-02; XL-03; XL-04; TECH-SQL-OLTP; TECH-SQL-EDW; TECH-PKG; TECH-ODI-XML; TECH-CSV; TECH-CTLM; TECH-PROPS; CH-02; REC-01; REC-02; REC-03; REC-04; REC-05; REC-06; REC-07; REC-08","Q3"
"F-VAR003-IMPACT","VAR-003 impact is INR 1.7 Cr (exact INR 1,68,90,000), FY26.","XL-01","T-03; DK-02; DK-03; DK-04; DK-06; T-08","T-01; T-02; T-04; T-05; T-06; T-07; DK-01; DK-05; EM-012; EM-023; EM-041; EM-047; EM-055; EM-061; EM-063; EM-068; EM-072; EM-075; EM-078; EM-081; EM-084; EM-089; EM-092; DOC-01; DOC-02; DOC-03; DOC-04; DOC-05; XL-02; XL-03; XL-04; TECH-SQL-OLTP; TECH-SQL-EDW; TECH-PKG; TECH-ODI-XML; TECH-CSV; TECH-CTLM; TECH-PROPS; CH-01; CH-02; REC-01; REC-02; REC-03; REC-04; REC-05; REC-06; REC-07; REC-08","Q3"
"F-VAR003-DECISION","ADR-004: MAP_FACT_INVOICE_LINE is rebuilt as a key-based merge on INVOICE_LINE_ID with a versioned re-extract, and the ORION procedure is left unchanged in Phase 1. Planned for release R2026.09 on 30-Sep-2026. VAR-003 is still open at the end of the corpus.","T-05","DOC-04; XL-01; CH-01","T-01; T-02; T-03; T-04; T-06; T-07; T-08; DK-01; DK-02; DK-03; DK-04; DK-05; DK-06; EM-012; EM-023; EM-041; EM-047; EM-055; EM-061; EM-063; EM-068; EM-072; EM-075; EM-078; EM-081; EM-084; EM-089; EM-092; DOC-01; DOC-02; DOC-03; DOC-05; XL-02; XL-03; XL-04; TECH-SQL-OLTP; TECH-SQL-EDW; TECH-PKG; TECH-ODI-XML; TECH-CSV; TECH-CTLM; TECH-PROPS; CH-02; REC-01; REC-02; REC-03; REC-04; REC-05; REC-06; REC-07; REC-08","Q3"
"F-DASH12","Twelve dashboards are in scope for go-live (D01 to D12). Stated on DK-01 slide 9. EM-023 may reference the twelve only as the number being cut from.","DK-01","EM-023","T-01; T-02; T-03; T-04; T-05; T-06; T-07; T-08; DK-02; DK-03; DK-04; DK-05; DK-06; EM-012; EM-041; EM-047; EM-055; EM-061; EM-063; EM-068; EM-072; EM-075; EM-078; EM-081; EM-084; EM-089; EM-092; DOC-01; DOC-02; DOC-03; DOC-04; DOC-05; XL-01; XL-02; XL-03; XL-04; TECH-SQL-OLTP; TECH-SQL-EDW; TECH-PKG; TECH-ODI-XML; TECH-CSV; TECH-CTLM; TECH-PROPS; CH-01; CH-02; REC-01; REC-02; REC-03; REC-04; REC-05; REC-06; REC-07; REC-08","Q4"
"F-DASH7","Seven dashboards are committed for go-live: D01 Primary Sales Performance, D03 Distributor Scorecard, D05 Stock and Despatch, D06 Order Fulfilment and Fill Rate, D07 Revenue Reconciliation, D09 Product Mix and Contribution, D12 Executive Summary. T-07 and DK-05 work from 'the seven committed' but may not say the number was ever twelve and may not give the reason for the cut.","EM-023","T-07; DK-05","T-01; T-02; T-03; T-04; T-05; T-06; T-08; DK-01; DK-02; DK-03; DK-04; DK-06; EM-012; EM-041; EM-047; EM-055; EM-061; EM-063; EM-068; EM-072; EM-075; EM-078; EM-081; EM-084; EM-089; EM-092; DOC-01; DOC-02; DOC-03; DOC-04; DOC-05; XL-01; XL-02; XL-03; XL-04; TECH-SQL-OLTP; TECH-SQL-EDW; TECH-PKG; TECH-ODI-XML; TECH-CSV; TECH-CTLM; TECH-PROPS; CH-01; CH-02; REC-01; REC-02; REC-03; REC-04; REC-05; REC-06; REC-07; REC-08","Q4"
"F-DASH7-REASON","Reason for the cut from twelve to seven, in Shalini Iyer's words: the Klarissen capex freeze on the BI licence uplift means only seven can be funded for go-live and the remaining five go to Phase 2.","EM-023","none","T-01; T-02; T-03; T-04; T-05; T-06; T-07; T-08; DK-01; DK-02; DK-03; DK-04; DK-05; DK-06; EM-012; EM-041; EM-047; EM-055; EM-061; EM-063; EM-068; EM-072; EM-075; EM-078; EM-081; EM-084; EM-089; EM-092; DOC-01; DOC-02; DOC-03; DOC-04; DOC-05; XL-01; XL-02; XL-03; XL-04; TECH-SQL-OLTP; TECH-SQL-EDW; TECH-PKG; TECH-ODI-XML; TECH-CSV; TECH-CTLM; TECH-PROPS; CH-01; CH-02; REC-01; REC-02; REC-03; REC-04; REC-05; REC-06; REC-07; REC-08","Q4"
"F-DASH9","Nine dashboards are in scope at go-live: the seven committed plus D04 Scheme Effectiveness and D11 Credit and Receivables Exposure.","DK-06","T-08","T-01; T-02; T-03; T-04; T-05; T-06; T-07; DK-01; DK-02; DK-03; DK-04; DK-05; EM-012; EM-023; EM-041; EM-047; EM-055; EM-061; EM-063; EM-068; EM-072; EM-075; EM-078; EM-081; EM-084; EM-089; EM-092; DOC-01; DOC-02; DOC-03; DOC-04; DOC-05; XL-01; XL-02; XL-03; XL-04; TECH-SQL-OLTP; TECH-SQL-EDW; TECH-PKG; TECH-ODI-XML; TECH-CSV; TECH-CTLM; TECH-PROPS; CH-01; CH-02; REC-01; REC-02; REC-03; REC-04; REC-05; REC-06; REC-07; REC-08","Q4"
"F-DASH9-REASON","Reason two dashboards come back: D04 and D11 are reinstated at Klarissen's request following the credit note escalation and the scheme discount work, funded from the Phase 2 budget line released in August.","T-08","DK-06","T-01; T-02; T-03; T-04; T-05; T-06; T-07; DK-01; DK-02; DK-03; DK-04; DK-05; EM-012; EM-023; EM-041; EM-047; EM-055; EM-061; EM-063; EM-068; EM-072; EM-075; EM-078; EM-081; EM-084; EM-089; EM-092; DOC-01; DOC-02; DOC-03; DOC-04; DOC-05; XL-01; XL-02; XL-03; XL-04; TECH-SQL-OLTP; TECH-SQL-EDW; TECH-PKG; TECH-ODI-XML; TECH-CSV; TECH-CTLM; TECH-PROPS; CH-01; CH-02; REC-01; REC-02; REC-03; REC-04; REC-05; REC-06; REC-07; REC-08","Q4"
"F-DASH-CANDIDATES","The August workshop closes at seven committed plus two candidates, not funded, decision deferred to the sponsor. DK-05 shows seven wireframes plus two marked CANDIDATE - not funded. Neither artifact reaches the number nine.","T-07","DK-05","T-01; T-02; T-03; T-04; T-05; T-06; T-08; DK-01; DK-02; DK-03; DK-04; DK-06; EM-012; EM-023; EM-041; EM-047; EM-055; EM-061; EM-063; EM-068; EM-072; EM-075; EM-078; EM-081; EM-084; EM-089; EM-092; DOC-01; DOC-02; DOC-03; DOC-04; DOC-05; XL-01; XL-02; XL-03; XL-04; TECH-SQL-OLTP; TECH-SQL-EDW; TECH-PKG; TECH-ODI-XML; TECH-CSV; TECH-CTLM; TECH-PROPS; CH-01; CH-02; REC-01; REC-02; REC-03; REC-04; REC-05; REC-06; REC-07; REC-08","Q4"
"F-CN-STRUCT","BCPL_EDW contains no FACT_CREDIT_NOTE table. This is an ABSENCE, evidenced structurally: schema_edw.sql lists every table in the warehouse and there is no credit note fact among them. Do not add a comment drawing attention to it, do not add a TODO, do not add a commented-out CREATE TABLE. The absence must be silent.","TECH-SQL-EDW","none","T-01; T-02; T-03; T-04; T-05; T-06; T-07; T-08; DK-01; DK-02; DK-03; DK-04; DK-05; DK-06; EM-012; EM-023; EM-041; EM-047; EM-055; EM-061; EM-063; EM-068; EM-072; EM-075; EM-078; EM-081; EM-084; EM-089; EM-092; DOC-01; DOC-02; DOC-03; DOC-04; DOC-05; XL-01; XL-02; XL-03; XL-04; TECH-SQL-OLTP; TECH-PKG; TECH-ODI-XML; TECH-CSV; TECH-CTLM; TECH-PROPS; CH-01; CH-02; REC-01; REC-02; REC-03; REC-04; REC-05; REC-06; REC-07; REC-08","Q5"
"F-CN-SOURCE","OMS_PROD.CREDIT_NOTE and OMS_PROD.CREDIT_NOTE_LINE exist in ORION, with CN_TYPE in DAMAGE, RETURN, RATE_DIFF, OFF_INV_ADJ and SCHEME. FY26 volume 9,318 documents and 31,204 lines.","TECH-SQL-OLTP","DOC-01; DOC-05; EM-063","T-01; T-02; T-03; T-04; T-05; T-06; T-07; T-08; DK-01; DK-02; DK-03; DK-04; DK-05; DK-06; EM-012; EM-023; EM-041; EM-047; EM-055; EM-061; EM-068; EM-072; EM-075; EM-078; EM-081; EM-084; EM-089; EM-092; DOC-02; DOC-03; DOC-04; XL-01; XL-02; XL-03; XL-04; TECH-SQL-EDW; TECH-PKG; TECH-ODI-XML; TECH-CSV; TECH-CTLM; TECH-PROPS; CH-01; CH-02; REC-01; REC-02; REC-03; REC-04; REC-05; REC-06; REC-07; REC-08","Q5"
"F-CN-ESCALATION","Marijke van der Berg escalates the missing credit notes to Rajeev Menon on 14-Jul-2026, copying Shalini Iyer and Wei Lin Tan, asking since when this has been known, for the FY26 number and for an owner, before the next audit call.","EM-061","none","T-01; T-02; T-03; T-04; T-05; T-06; T-07; T-08; DK-01; DK-02; DK-03; DK-04; DK-05; DK-06; EM-012; EM-023; EM-041; EM-047; EM-055; EM-063; EM-068; EM-072; EM-075; EM-078; EM-081; EM-084; EM-089; EM-092; DOC-01; DOC-02; DOC-03; DOC-04; DOC-05; XL-01; XL-02; XL-03; XL-04; TECH-SQL-OLTP; TECH-SQL-EDW; TECH-PKG; TECH-ODI-XML; TECH-CSV; TECH-CTLM; TECH-PROPS; CH-01; CH-02; REC-01; REC-02; REC-03; REC-04; REC-05; REC-06; REC-07; REC-08","Q5"
"F-CN-24","The credit note impact is estimated at INR 2.4 Cr. This is the early, wrong figure. It appears on a DK-03 slide of 05-May-2026 and is repeated once in T-06 by Shalini Iyer. It is never marked as provisional in DK-03.","DK-03","T-06","T-01; T-02; T-03; T-04; T-05; T-07; T-08; DK-01; DK-02; DK-04; DK-05; DK-06; EM-012; EM-023; EM-041; EM-047; EM-055; EM-061; EM-063; EM-068; EM-072; EM-075; EM-078; EM-081; EM-084; EM-089; EM-092; DOC-01; DOC-02; DOC-03; DOC-04; DOC-05; XL-01; XL-02; XL-03; XL-04; TECH-SQL-OLTP; TECH-SQL-EDW; TECH-PKG; TECH-ODI-XML; TECH-CSV; TECH-CTLM; TECH-PROPS; CH-01; CH-02; REC-01; REC-02; REC-03; REC-04; REC-05; REC-06; REC-07; REC-08","Q5"
"F-CN-31","The validated FY26 credit note impact is INR 3.11 Cr (INR 3,11,20,000) across 1,206 documents of type RATE_DIFF and OFF_INV_ADJ, validated by Shalini Iyer against the FY26 trial balance on 21-Jul-2026. XL-01 carries 3.11 Cr on the VAR-005_detail sheet and 3.10 Cr on the Summary sheet; keep that rounding difference.","EM-063","XL-01; DK-06; T-08","T-01; T-02; T-03; T-04; T-05; T-06; T-07; DK-01; DK-02; DK-03; DK-04; DK-05; EM-012; EM-023; EM-041; EM-047; EM-055; EM-061; EM-068; EM-072; EM-075; EM-078; EM-081; EM-084; EM-089; EM-092; DOC-01; DOC-02; DOC-03; DOC-04; DOC-05; XL-02; XL-03; XL-04; TECH-SQL-OLTP; TECH-SQL-EDW; TECH-PKG; TECH-ODI-XML; TECH-CSV; TECH-CTLM; TECH-PROPS; CH-01; CH-02; REC-01; REC-02; REC-03; REC-04; REC-05; REC-06; REC-07; REC-08","Q5"
"F-CN-METHOD","Why the 2.4 Cr estimate was wrong: it covered April 2025 to December 2025 only, and it excluded the OFF_INV_ADJ credit note type entirely.","EM-063","none","T-01; T-02; T-03; T-04; T-05; T-06; T-07; T-08; DK-01; DK-02; DK-03; DK-04; DK-05; DK-06; EM-012; EM-023; EM-041; EM-047; EM-055; EM-061; EM-068; EM-072; EM-075; EM-078; EM-081; EM-084; EM-089; EM-092; DOC-01; DOC-02; DOC-03; DOC-04; DOC-05; XL-01; XL-02; XL-03; XL-04; TECH-SQL-OLTP; TECH-SQL-EDW; TECH-PKG; TECH-ODI-XML; TECH-CSV; TECH-CTLM; TECH-PROPS; CH-01; CH-02; REC-01; REC-02; REC-03; REC-04; REC-05; REC-06; REC-07; REC-08","Q5"
"F-VAR005-TITLE","VAR-005 exists and is titled 'Credit notes absent from warehouse', owner Shalini Iyer, status Open, opened 24-Apr-2026. Naming the variance is permitted in the artifacts listed. Explaining WHY there is no table, or that Finance nets them in Excel, is F-CNGAP and belongs to DOC-05 alone.","XL-01","DOC-05; DK-03; T-06; T-08; DK-06; EM-061; EM-063; CH-01","T-01; T-02; T-03; T-04; T-05; T-07; DK-01; DK-02; DK-04; DK-05; EM-012; EM-023; EM-041; EM-047; EM-055; EM-068; EM-072; EM-075; EM-078; EM-081; EM-084; EM-089; EM-092; DOC-01; DOC-02; DOC-03; DOC-04; XL-02; XL-03; XL-04; TECH-SQL-OLTP; TECH-SQL-EDW; TECH-PKG; TECH-ODI-XML; TECH-CSV; TECH-CTLM; TECH-PROPS; CH-02; REC-01; REC-02; REC-03; REC-04; REC-05; REC-06; REC-07; REC-08","Q5"
"F-STG-CN-DORMANT","STG_ORION.STG_CREDIT_NOTE exists and is empty. Its mapping MAP_STG_CREDIT_NOTE was built in 2021 and disabled on 14-Nov-2022 when the load window got tight; the last row carries LOAD_DT = 14-NOV-2022. Nothing downstream ever consumed it.","DOC-02","TECH-SQL-EDW; TECH-CTLM; CH-01","T-01; T-02; T-03; T-04; T-05; T-06; T-07; T-08; DK-01; DK-02; DK-03; DK-04; DK-05; DK-06; EM-012; EM-023; EM-041; EM-047; EM-055; EM-061; EM-063; EM-068; EM-072; EM-075; EM-078; EM-081; EM-084; EM-089; EM-092; DOC-01; DOC-03; DOC-04; DOC-05; XL-01; XL-02; XL-03; XL-04; TECH-SQL-OLTP; TECH-PKG; TECH-ODI-XML; TECH-CSV; TECH-PROPS; CH-02; REC-01; REC-02; REC-03; REC-04; REC-05; REC-06; REC-07; REC-08","Q5"
"F-Q6-ABSENT","THE DECISION TO DEFER FACT_CREDIT_NOTE TO PHASE 2 AND NET CREDIT NOTES INSIDE THE POWER BI SEMANTIC MODEL IN THE INTERIM. Taken verbally in early October 2026 between Shalini Iyer, Karthik Subramanian and Ananya Krishnan. IT APPEARS NOWHERE IN THE CORPUS AND MUST APPEAR NOWHERE. No artifact may say that credit notes will be netted in Power BI, that a credit note fact table is deferred, that D11 will source credit notes from a Finance file or a manual upload, or that VAR-005 has an agreed forward plan. If an artifact must discuss D11's data, it says receivables ageing from AR_OPEN_ITEM and stops there. This is the write-back test.","NONE","none","T-01; T-02; T-03; T-04; T-05; T-06; T-07; T-08; DK-01; DK-02; DK-03; DK-04; DK-05; DK-06; EM-012; EM-023; EM-041; EM-047; EM-055; EM-061; EM-063; EM-068; EM-072; EM-075; EM-078; EM-081; EM-084; EM-089; EM-092; DOC-01; DOC-02; DOC-03; DOC-04; DOC-05; XL-01; XL-02; XL-03; XL-04; TECH-SQL-OLTP; TECH-SQL-EDW; TECH-PKG; TECH-ODI-XML; TECH-CSV; TECH-CTLM; TECH-PROPS; CH-01; CH-02; REC-01; REC-02; REC-03; REC-04; REC-05; REC-06; REC-07; REC-08","Q6"
"F-LOADSTART","The nightly load LP_DAILY_SALES starts at 01:00 IST, average elapsed 58 minutes to the last mapping, typical completion including post-load checks and the batch close about 02:05 IST, P95 71 minutes, SLA 05:30 IST. Shared fact, widely available. Stating the start time and the completion time is fine anywhere listed; stating what runs AFTER the load is F-TIMING and is not.","DOC-02","TECH-CTLM; DOC-03; T-01; T-02; T-04; XL-03; EM-041; EM-047; CH-01; DK-02; DOC-05; XL-04","T-03; T-05; T-06; T-07; T-08; DK-01; DK-03; DK-04; DK-05; DK-06; EM-012; EM-023; EM-055; EM-061; EM-063; EM-068; EM-072; EM-075; EM-078; EM-081; EM-084; EM-089; EM-092; DOC-01; DOC-04; XL-01; XL-02; TECH-SQL-OLTP; TECH-SQL-EDW; TECH-PKG; TECH-ODI-XML; TECH-CSV; TECH-PROPS; CH-02; REC-01; REC-02; REC-03; REC-04; REC-05; REC-06; REC-07; REC-08","Q3"
"F-VAR001-CAUSE","VAR-001: MAP_FACT_INVOICE_LINE applied no DELETE_FLAG filter, so cancelled and logically deleted invoice lines were loaded as revenue; FY26 Q1 overstated by INR 4.2 Cr. Fixed by NVL(DELETE_FLAG,'N')='N' under CHG0021184 on 03-Jun-2026.","DK-02","T-03; T-04; T-05; T-06; T-08; DK-03; DK-04; DK-06; XL-01; XL-02; XL-04; TECH-ODI-XML; CH-01; EM-072","T-01; T-02; T-07; DK-01; DK-05; EM-012; EM-023; EM-041; EM-047; EM-055; EM-061; EM-063; EM-068; EM-075; EM-078; EM-081; EM-084; EM-089; EM-092; DOC-01; DOC-02; DOC-03; DOC-04; DOC-05; XL-03; TECH-SQL-OLTP; TECH-SQL-EDW; TECH-PKG; TECH-CSV; TECH-CTLM; TECH-PROPS; CH-02; REC-01; REC-02; REC-03; REC-04; REC-05; REC-06; REC-07; REC-08","Q3"
"F-VAR002-CAUSE","VAR-002: DATE_KEY derived from INVOICE_HEADER.CREATED_TS which is written in UTC, instead of INVOICE_DT which is IST, so invoices raised after 18:30 IST on a month's last day fell into the next month. INR 90 L. Fixed under ADR-005 and CHG0021207 on 03-Jun-2026.","DK-02","T-03; T-04; T-05; DK-03; DK-04; XL-01; XL-02; XL-04; DOC-04; TECH-ODI-XML; CH-01","T-01; T-02; T-06; T-07; T-08; DK-01; DK-05; DK-06; EM-012; EM-023; EM-041; EM-047; EM-055; EM-061; EM-063; EM-068; EM-072; EM-075; EM-078; EM-081; EM-084; EM-089; EM-092; DOC-01; DOC-02; DOC-03; DOC-05; XL-03; TECH-SQL-OLTP; TECH-SQL-EDW; TECH-PKG; TECH-CSV; TECH-CTLM; TECH-PROPS; CH-02; REC-01; REC-02; REC-03; REC-04; REC-05; REC-06; REC-07; REC-08","-"
"F-VAR004-CAUSE","VAR-004: on a territory reassignment the closing DIM_CUSTOMER row's EFF_END_DT is set to the same timestamp as the new row's EFF_START_DT and CURRENT_FLG stays 'Y' on both, so a fact row joins twice. 61 customers with overlapping effective dates, 18 with two current rows. INR 65 L. Worked example DIST-W-0241 Mahalaxmi Distributors, 17-Apr-2026.","DK-04","XL-01; XL-02; T-06; T-08; CH-01; EM-055; DOC-04","T-01; T-02; T-03; T-04; T-05; T-07; DK-01; DK-02; DK-03; DK-05; DK-06; EM-012; EM-023; EM-041; EM-047; EM-061; EM-063; EM-068; EM-072; EM-075; EM-078; EM-081; EM-084; EM-089; EM-092; DOC-01; DOC-02; DOC-03; DOC-05; XL-03; XL-04; TECH-SQL-OLTP; TECH-SQL-EDW; TECH-PKG; TECH-ODI-XML; TECH-CSV; TECH-CTLM; TECH-PROPS; CH-02; REC-01; REC-02; REC-03; REC-04; REC-05; REC-06; REC-07; REC-08","-"
"F-VAR006-CAUSE","VAR-006: BCPL_EDW.TAX_RATE_MASTER is a truncate-and-reload snapshot with no effective dating, so the Chandanaa HSN 3401 change from 18 percent to 12 percent effective 01-Oct-2025 was applied retrospectively to April to September 2025. INR 40 L. Replaced by DIM_TAX_RATE under CHG0021339 on 26-Aug-2026.","DK-04","XL-01; XL-02; T-06; EM-078; CH-01; TECH-SQL-EDW","T-01; T-02; T-03; T-04; T-05; T-07; T-08; DK-01; DK-02; DK-03; DK-05; DK-06; EM-012; EM-023; EM-041; EM-047; EM-055; EM-061; EM-063; EM-068; EM-072; EM-075; EM-081; EM-084; EM-089; EM-092; DOC-01; DOC-02; DOC-03; DOC-04; DOC-05; XL-03; XL-04; TECH-SQL-OLTP; TECH-PKG; TECH-ODI-XML; TECH-CSV; TECH-CTLM; TECH-PROPS; CH-02; REC-01; REC-02; REC-03; REC-04; REC-05; REC-06; REC-07; REC-08","-"
"F-VAR007-CAUSE","VAR-007: no late-arriving dimension handling, so a SKU invoiced before MAP_DIM_PRODUCT has seen it routes to PRODUCT_KEY = -1 and stays there. 2.0 percent of invoiced volume, 8,140 lines a month average, 11,902 peak in Jan-2026, fails DQ-R-04 at 98.0 percent against a 99.5 percent threshold.","DK-04","XL-01; XL-02; T-06; T-07; EM-081; CH-01; DK-05","T-01; T-02; T-03; T-04; T-05; T-08; DK-01; DK-02; DK-03; DK-06; EM-012; EM-023; EM-041; EM-047; EM-055; EM-061; EM-063; EM-068; EM-072; EM-075; EM-078; EM-084; EM-089; EM-092; DOC-01; DOC-02; DOC-03; DOC-04; DOC-05; XL-03; XL-04; TECH-SQL-OLTP; TECH-SQL-EDW; TECH-PKG; TECH-ODI-XML; TECH-CSV; TECH-CTLM; TECH-PROPS; CH-02; REC-01; REC-02; REC-03; REC-04; REC-05; REC-06; REC-07; REC-08","-"
"F-VAR008-CAUSE","VAR-008: LP_DAILY_SALES was resubmitted manually after a failure on Saturday 14-Feb-2026 as session SESS_884012 and IKM Oracle Control Append appended the whole night again, putting INR 2.9 Cr of duplicate sales into the February figures for three weeks. Batch-id guard added in R2026.07.","DK-02","EM-072; XL-01; T-03; T-06; CH-01; DOC-02; DK-06","T-01; T-02; T-04; T-05; T-07; T-08; DK-01; DK-03; DK-04; DK-05; EM-012; EM-023; EM-041; EM-047; EM-055; EM-061; EM-063; EM-068; EM-075; EM-078; EM-081; EM-084; EM-089; EM-092; DOC-01; DOC-03; DOC-04; DOC-05; XL-02; XL-03; XL-04; TECH-SQL-OLTP; TECH-SQL-EDW; TECH-PKG; TECH-ODI-XML; TECH-CSV; TECH-CTLM; TECH-PROPS; CH-02; REC-01; REC-02; REC-03; REC-04; REC-05; REC-06; REC-07; REC-08","-"
"F-TOTAL-970","Total quantified variance stated as INR 9.70 Cr (VAR-001, VAR-002, VAR-003, VAR-008).","DK-02","none","T-01; T-02; T-03; T-04; T-05; T-06; T-07; T-08; DK-01; DK-03; DK-04; DK-05; DK-06; EM-012; EM-023; EM-041; EM-047; EM-055; EM-061; EM-063; EM-068; EM-072; EM-075; EM-078; EM-081; EM-084; EM-089; EM-092; DOC-01; DOC-02; DOC-03; DOC-04; DOC-05; XL-01; XL-02; XL-03; XL-04; TECH-SQL-OLTP; TECH-SQL-EDW; TECH-PKG; TECH-ODI-XML; TECH-CSV; TECH-CTLM; TECH-PROPS; CH-01; CH-02; REC-01; REC-02; REC-03; REC-04; REC-05; REC-06; REC-07; REC-08","-"
"F-TOTAL-1275","Total quantified variance stated as INR 12.75 Cr, including VAR-005 at the early 2.4 Cr.","DK-03","none","T-01; T-02; T-03; T-04; T-05; T-06; T-07; T-08; DK-01; DK-02; DK-04; DK-05; DK-06; EM-012; EM-023; EM-041; EM-047; EM-055; EM-061; EM-063; EM-068; EM-072; EM-075; EM-078; EM-081; EM-084; EM-089; EM-092; DOC-01; DOC-02; DOC-03; DOC-04; DOC-05; XL-01; XL-02; XL-03; XL-04; TECH-SQL-OLTP; TECH-SQL-EDW; TECH-PKG; TECH-ODI-XML; TECH-CSV; TECH-CTLM; TECH-PROPS; CH-01; CH-02; REC-01; REC-02; REC-03; REC-04; REC-05; REC-06; REC-07; REC-08","-"
"F-TOTAL-1315","Total quantified variance stated as INR 13.15 Cr, with VAR-007 given as a volume percentage rather than money.","DK-04","none","T-01; T-02; T-03; T-04; T-05; T-06; T-07; T-08; DK-01; DK-02; DK-03; DK-05; DK-06; EM-012; EM-023; EM-041; EM-047; EM-055; EM-061; EM-063; EM-068; EM-072; EM-075; EM-078; EM-081; EM-084; EM-089; EM-092; DOC-01; DOC-02; DOC-03; DOC-04; DOC-05; XL-01; XL-02; XL-03; XL-04; TECH-SQL-OLTP; TECH-SQL-EDW; TECH-PKG; TECH-ODI-XML; TECH-CSV; TECH-CTLM; TECH-PROPS; CH-01; CH-02; REC-01; REC-02; REC-03; REC-04; REC-05; REC-06; REC-07; REC-08","-"
"F-TOTAL-1385","Total quantified variance stated as INR 13.85 Cr, of which INR 8.40 Cr closed and INR 5.45 Cr open.","DK-06","XL-01; T-08","T-01; T-02; T-03; T-04; T-05; T-06; T-07; DK-01; DK-02; DK-03; DK-04; DK-05; EM-012; EM-023; EM-041; EM-047; EM-055; EM-061; EM-063; EM-068; EM-072; EM-075; EM-078; EM-081; EM-084; EM-089; EM-092; DOC-01; DOC-02; DOC-03; DOC-04; DOC-05; XL-02; XL-03; XL-04; TECH-SQL-OLTP; TECH-SQL-EDW; TECH-PKG; TECH-ODI-XML; TECH-CSV; TECH-CTLM; TECH-PROPS; CH-01; CH-02; REC-01; REC-02; REC-03; REC-04; REC-05; REC-06; REC-07; REC-08","-"
"F-Q1REV-ORIG","FY26 Q1 reported net revenue is INR 438.6 Cr as the warehouse reported it before the VAR-001 fix.","DK-02","T-03; DK-03; XL-01; T-06; EM-072","T-01; T-02; T-04; T-05; T-07; T-08; DK-01; DK-04; DK-05; DK-06; EM-012; EM-023; EM-041; EM-047; EM-055; EM-061; EM-063; EM-068; EM-075; EM-078; EM-081; EM-084; EM-089; EM-092; DOC-01; DOC-02; DOC-03; DOC-04; DOC-05; XL-02; XL-03; XL-04; TECH-SQL-OLTP; TECH-SQL-EDW; TECH-PKG; TECH-ODI-XML; TECH-CSV; TECH-CTLM; TECH-PROPS; CH-01; CH-02; REC-01; REC-02; REC-03; REC-04; REC-05; REC-06; REC-07; REC-08","-"
"F-Q1REV-RESTATED","FY26 Q1 net revenue restated to INR 434.4 Cr after CHG0021184.","XL-01","DK-06; T-08","T-01; T-02; T-03; T-04; T-05; T-06; T-07; DK-01; DK-02; DK-03; DK-04; DK-05; EM-012; EM-023; EM-041; EM-047; EM-055; EM-061; EM-063; EM-068; EM-072; EM-075; EM-078; EM-081; EM-084; EM-089; EM-092; DOC-01; DOC-02; DOC-03; DOC-04; DOC-05; XL-02; XL-03; XL-04; TECH-SQL-OLTP; TECH-SQL-EDW; TECH-PKG; TECH-ODI-XML; TECH-CSV; TECH-CTLM; TECH-PROPS; CH-01; CH-02; REC-01; REC-02; REC-03; REC-04; REC-05; REC-06; REC-07; REC-08","-"
"F-GRANT","FIN_PROD holds a direct UPDATE grant on OMS_PROD.INVOICE_LINE, granted in 2014 and never reviewed. This is a breadcrumb, not the answer: it says who could rewrite invoice lines, never when or in what order.","DOC-01","TECH-SQL-OLTP; T-02; DOC-03; EM-092; CH-01","T-01; T-03; T-04; T-05; T-06; T-07; T-08; DK-01; DK-02; DK-03; DK-04; DK-05; DK-06; EM-012; EM-023; EM-041; EM-047; EM-055; EM-061; EM-063; EM-068; EM-072; EM-075; EM-078; EM-081; EM-084; EM-089; DOC-02; DOC-04; DOC-05; XL-01; XL-02; XL-03; XL-04; TECH-SQL-EDW; TECH-PKG; TECH-ODI-XML; TECH-CSV; TECH-CTLM; TECH-PROPS; CH-02; REC-01; REC-02; REC-03; REC-04; REC-05; REC-06; REC-07; REC-08","Q3"
"F-DEV-STALE","The DEV copy of ORION was last refreshed on 11-Mar-2026 and is stale for the rest of the engagement.","CH-01","EM-047; T-06; XL-03","T-01; T-02; T-03; T-04; T-05; T-07; T-08; DK-01; DK-02; DK-03; DK-04; DK-05; DK-06; EM-012; EM-023; EM-041; EM-055; EM-061; EM-063; EM-068; EM-072; EM-075; EM-078; EM-081; EM-084; EM-089; EM-092; DOC-01; DOC-02; DOC-03; DOC-04; DOC-05; XL-01; XL-02; XL-04; TECH-SQL-OLTP; TECH-SQL-EDW; TECH-PKG; TECH-ODI-XML; TECH-CSV; TECH-CTLM; TECH-PROPS; CH-02; REC-01; REC-02; REC-03; REC-04; REC-05; REC-06; REC-07; REC-08","-"
"F-PROFDATE","All profiling figures in the corpus are as of the 31-May-2026 run across 14 tables.","XL-02","DK-04; T-06; EM-078; EM-081; CH-01","T-01; T-02; T-03; T-04; T-05; T-07; T-08; DK-01; DK-02; DK-03; DK-05; DK-06; EM-012; EM-023; EM-041; EM-047; EM-055; EM-061; EM-063; EM-068; EM-072; EM-075; EM-084; EM-089; EM-092; DOC-01; DOC-02; DOC-03; DOC-04; DOC-05; XL-01; XL-03; XL-04; TECH-SQL-OLTP; TECH-SQL-EDW; TECH-PKG; TECH-ODI-XML; TECH-CSV; TECH-CTLM; TECH-PROPS; CH-02; REC-01; REC-02; REC-03; REC-04; REC-05; REC-06; REC-07; REC-08","-"
"F-DQSCORE","Overall data quality score 71 out of 100, by dimension completeness 68, validity 74, consistency 66, uniqueness 79, timeliness 91. 24 rules defined, 9 failing.","DK-04","XL-02; T-06; T-08","T-01; T-02; T-03; T-04; T-05; T-07; DK-01; DK-02; DK-03; DK-05; DK-06; EM-012; EM-023; EM-041; EM-047; EM-055; EM-061; EM-063; EM-068; EM-072; EM-075; EM-078; EM-081; EM-084; EM-089; EM-092; DOC-01; DOC-02; DOC-03; DOC-04; DOC-05; XL-01; XL-03; XL-04; TECH-SQL-OLTP; TECH-SQL-EDW; TECH-PKG; TECH-ODI-XML; TECH-CSV; TECH-CTLM; TECH-PROPS; CH-01; CH-02; REC-01; REC-02; REC-03; REC-04; REC-05; REC-06; REC-07; REC-08","-"
"F-SECONDARY-COVERAGE","FACT_SECONDARY_SALES is loaded from the DMS upload and covers 74 percent of distributors with a five day lag. This incompleteness is a standing caveat and is part of why Vikram Sethi's numbers do not tie to anyone else's.","XL-02","T-07; DK-05; EM-081; DOC-05; CH-01; T-03","T-01; T-02; T-04; T-05; T-06; T-08; DK-01; DK-02; DK-03; DK-04; DK-06; EM-012; EM-023; EM-041; EM-047; EM-055; EM-061; EM-063; EM-068; EM-072; EM-075; EM-078; EM-084; EM-089; EM-092; DOC-01; DOC-02; DOC-03; DOC-04; XL-01; XL-03; XL-04; TECH-SQL-OLTP; TECH-SQL-EDW; TECH-PKG; TECH-ODI-XML; TECH-CSV; TECH-CTLM; TECH-PROPS; CH-02; REC-01; REC-02; REC-03; REC-04; REC-05; REC-06; REC-07; REC-08","-"
"F-DOCTYPE-MIX","INVOICE_HEADER.DOC_TYPE distribution: INV 94.7 percent, STN 4.7 percent, SMP 0.6 percent. Stating the distribution is fine. Stating that STN is excluded from the fact is F-CHATDEC and is not.","DOC-01","XL-02; XL-04; TECH-CSV; TECH-SQL-OLTP","T-01; T-02; T-03; T-04; T-05; T-06; T-07; T-08; DK-01; DK-02; DK-03; DK-04; DK-05; DK-06; EM-012; EM-023; EM-041; EM-047; EM-055; EM-061; EM-063; EM-068; EM-072; EM-075; EM-078; EM-081; EM-084; EM-089; EM-092; DOC-02; DOC-03; DOC-04; DOC-05; XL-01; XL-03; TECH-SQL-EDW; TECH-PKG; TECH-ODI-XML; TECH-CTLM; TECH-PROPS; CH-01; CH-02; REC-01; REC-02; REC-03; REC-04; REC-05; REC-06; REC-07; REC-08","-"
"F-SMP-FILTER","MAP_FACT_INVOICE_LINE excludes sample despatches with the filter DOC_TYPE <> 'SMP'. This is the DOCUMENTED filter and exists precisely to contrast with the undocumented STN decision.","XL-04","TECH-ODI-XML; DOC-02","T-01; T-02; T-03; T-04; T-05; T-06; T-07; T-08; DK-01; DK-02; DK-03; DK-04; DK-05; DK-06; EM-012; EM-023; EM-041; EM-047; EM-055; EM-061; EM-063; EM-068; EM-072; EM-075; EM-078; EM-081; EM-084; EM-089; EM-092; DOC-01; DOC-03; DOC-04; DOC-05; XL-01; XL-02; XL-03; TECH-SQL-OLTP; TECH-SQL-EDW; TECH-PKG; TECH-CSV; TECH-CTLM; TECH-PROPS; CH-01; CH-02; REC-01; REC-02; REC-03; REC-04; REC-05; REC-06; REC-07; REC-08","-"
"F-PBI-REFRESH","Power BI dataset DRISHTI_SALES, import mode, in workspace BCPL-DRISHTI-PRD on P1 capacity, refreshed 06:00 and 14:00 IST, row-level security by REGION_CODE across four roles.","DK-05","T-07; DK-06; CH-01; EM-089","T-01; T-02; T-03; T-04; T-05; T-06; T-08; DK-01; DK-02; DK-03; DK-04; EM-012; EM-023; EM-041; EM-047; EM-055; EM-061; EM-063; EM-068; EM-072; EM-075; EM-078; EM-081; EM-084; EM-092; DOC-01; DOC-02; DOC-03; DOC-04; DOC-05; XL-01; XL-02; XL-03; XL-04; TECH-SQL-OLTP; TECH-SQL-EDW; TECH-PKG; TECH-ODI-XML; TECH-CSV; TECH-CTLM; TECH-PROPS; CH-02; REC-01; REC-02; REC-03; REC-04; REC-05; REC-06; REC-07; REC-08","-"
"F-UAT-SCRIPTS","UAT comprises 14 scripts UAT-01 to UAT-14 with 9 testers; 23 defects were raised in the first week, 17 cosmetic, 4 data, 2 access.","EM-089","CH-02; T-08","T-01; T-02; T-03; T-04; T-05; T-06; T-07; DK-01; DK-02; DK-03; DK-04; DK-05; DK-06; EM-012; EM-023; EM-041; EM-047; EM-055; EM-061; EM-063; EM-068; EM-072; EM-075; EM-078; EM-081; EM-084; EM-092; DOC-01; DOC-02; DOC-03; DOC-04; DOC-05; XL-01; XL-02; XL-03; XL-04; TECH-SQL-OLTP; TECH-SQL-EDW; TECH-PKG; TECH-ODI-XML; TECH-CSV; TECH-CTLM; TECH-PROPS; CH-01; REC-01; REC-02; REC-03; REC-04; REC-05; REC-06; REC-07; REC-08","-"
"F-PII1","PII-1: an Indian mobile number, +91 90000 00012, shared in the WhatsApp UAT group.","CH-02","none","T-01; T-02; T-03; T-04; T-05; T-06; T-07; T-08; DK-01; DK-02; DK-03; DK-04; DK-05; DK-06; EM-012; EM-023; EM-041; EM-047; EM-055; EM-061; EM-063; EM-068; EM-072; EM-075; EM-078; EM-081; EM-084; EM-089; EM-092; DOC-01; DOC-02; DOC-03; DOC-04; DOC-05; XL-01; XL-02; XL-03; XL-04; TECH-SQL-OLTP; TECH-SQL-EDW; TECH-PKG; TECH-ODI-XML; TECH-CSV; TECH-CTLM; TECH-PROPS; CH-01; REC-01; REC-02; REC-03; REC-04; REC-05; REC-06; REC-07; REC-08","-"
"F-PII2","PII-2: a personal webmail address, vikram.sethi.personal@gmail.example, used to route a file around the attachment size limit.","EM-084","none","T-01; T-02; T-03; T-04; T-05; T-06; T-07; T-08; DK-01; DK-02; DK-03; DK-04; DK-05; DK-06; EM-012; EM-023; EM-041; EM-047; EM-055; EM-061; EM-063; EM-068; EM-072; EM-075; EM-078; EM-081; EM-089; EM-092; DOC-01; DOC-02; DOC-03; DOC-04; DOC-05; XL-01; XL-02; XL-03; XL-04; TECH-SQL-OLTP; TECH-SQL-EDW; TECH-PKG; TECH-ODI-XML; TECH-CSV; TECH-CTLM; TECH-PROPS; CH-01; CH-02; REC-01; REC-02; REC-03; REC-04; REC-05; REC-06; REC-07; REC-08","-"
"F-PII3","PII-3: a masked bank account fragment, 'A/c XXXXXXXX4417, IFSC XXXX0000000', in a cell comment.","XL-01","none","T-01; T-02; T-03; T-04; T-05; T-06; T-07; T-08; DK-01; DK-02; DK-03; DK-04; DK-05; DK-06; EM-012; EM-023; EM-041; EM-047; EM-055; EM-061; EM-063; EM-068; EM-072; EM-075; EM-078; EM-081; EM-084; EM-089; EM-092; DOC-01; DOC-02; DOC-03; DOC-04; DOC-05; XL-02; XL-03; XL-04; TECH-SQL-OLTP; TECH-SQL-EDW; TECH-PKG; TECH-ODI-XML; TECH-CSV; TECH-CTLM; TECH-PROPS; CH-01; CH-02; REC-01; REC-02; REC-03; REC-04; REC-05; REC-06; REC-07; REC-08","-"
"F-PII4","PII-4: hardcoded database passwords in a properties fragment.","TECH-PROPS","none","T-01; T-02; T-03; T-04; T-05; T-06; T-07; T-08; DK-01; DK-02; DK-03; DK-04; DK-05; DK-06; EM-012; EM-023; EM-041; EM-047; EM-055; EM-061; EM-063; EM-068; EM-072; EM-075; EM-078; EM-081; EM-084; EM-089; EM-092; DOC-01; DOC-02; DOC-03; DOC-04; DOC-05; XL-01; XL-02; XL-03; XL-04; TECH-SQL-OLTP; TECH-SQL-EDW; TECH-PKG; TECH-ODI-XML; TECH-CSV; TECH-CTLM; CH-01; CH-02; REC-01; REC-02; REC-03; REC-04; REC-05; REC-06; REC-07; REC-08","-"
"F-PII5","PII-5: an Aadhaar-format string, 9999 8888 7777, in a sample data row in an appendix.","DOC-01","none","T-01; T-02; T-03; T-04; T-05; T-06; T-07; T-08; DK-01; DK-02; DK-03; DK-04; DK-05; DK-06; EM-012; EM-023; EM-041; EM-047; EM-055; EM-061; EM-063; EM-068; EM-072; EM-075; EM-078; EM-081; EM-084; EM-089; EM-092; DOC-02; DOC-03; DOC-04; DOC-05; XL-01; XL-02; XL-03; XL-04; TECH-SQL-OLTP; TECH-SQL-EDW; TECH-PKG; TECH-ODI-XML; TECH-CSV; TECH-CTLM; TECH-PROPS; CH-01; CH-02; REC-01; REC-02; REC-03; REC-04; REC-05; REC-06; REC-07; REC-08","-"
# BINDING ON EVERY GENERATION AGENT. If your artifact ID appears in must_not_appear_in, that fact is forbidden to you in every form: paraphrase, hint, allusion, rounded restatement, or a pointer that reveals the value.
# The 55 artifact IDs are: T-01; T-02; T-03; T-04; T-05; T-06; T-07; T-08; DK-01; DK-02; DK-03; DK-04; DK-05; DK-06; EM-012; EM-023; EM-041; EM-047; EM-055; EM-061; EM-063; EM-068; EM-072; EM-075; EM-078; EM-081; EM-084; EM-089; EM-092; DOC-01; DOC-02; DOC-03; DOC-04; DOC-05; XL-01; XL-02; XL-03; XL-04; TECH-SQL-OLTP; TECH-SQL-EDW; TECH-PKG; TECH-ODI-XML; TECH-CSV; TECH-CTLM; TECH-PROPS; CH-01; CH-02; REC-01; REC-02; REC-03; REC-04; REC-05; REC-06; REC-07; REC-08
# A meeting's .vtt and .txt share one ID and are bound identically. _canon/ files are canon-internal and are not artifacts.
# owning_artifact_id = NONE means the fact must exist in no artifact at all. That is the Q6 write-back test.
# SYNTHETIC — generated for internal demo. No real entity depicted.
