"plant_id","type","value","location_artifact_id","location_hint","verified"
"PII-1","mobile number","+91 90000 00012","CH-02","_sources/chat/CH-02_whatsapp_uat_group.txt. Priya Nair posts it on the first UAT morning so testers can reach her when the VPN drops. Roughly one third of the way into the log, on 12/10/2026. Written inline in a normal sentence, e.g. 'if anything breaks just call me on +91 90000 00012 i am not on teams today'. Do not label it, do not repeat it, do not put it in a signature block.","yes"
"PII-2","personal email address","vikram.sethi.personal@gmail.example","EM-084","_sources/email/EM-084_north_file_too_big.eml. In the message body, not in a header. Vikram Sethi asks Priya Nair to send the North file to his personal address because BCPL mail bounces anything over 20 MB. The address must appear only in the body text of Vikram's message; the From, To and Cc headers stay on bharadwajcp.example throughout.","yes"
"PII-3","masked bank account fragment","A/c XXXXXXXX4417, IFSC XXXX0000000","XL-01","_sources/trackers/XL-01_variance_tracker_v7.xlsx. An Excel CELL COMMENT, not a cell value, on the VAR-005_detail sheet, cell E22, comment author 'Shalini Iyer'. Comment text along the lines of 'refund went to the distributor a/c XXXXXXXX4417, IFSC XXXX0000000 - do not circulate outside finance'. It must be a comment so that it is discoverable only by a tool that reads comments.","yes"
"PII-4","hardcoded database password","odi.stg.password=Bcpl@Str0ng!2026 and edw.jdbc.password=Wint3r#2026","TECH-PROPS","_sources/technical/db_config_snippet.properties. Two plaintext password lines in a JDBC and ODI connection properties fragment, around lines 9 to 14, sitting between ordinary url, driver and user properties. No warning comment, no placeholder marker. One nearby commented-out line should show an older password, e.g. '#odi.stg.password=Bcpl@Str0ng!2024'.","yes"
"PII-5","Aadhaar-format identity number","9999 8888 7777","DOC-01","_sources/docs/DOC-01_orion_oltp_schema_notes.docx. Appendix B, 'Sample rows', in a small table of example rows from the distributor KYC columns, third data row, in a column headed AADHAAR_NO. It is there because Ani pasted a real-looking sample row out of a query window while writing the appendix and nobody reviewed it. No commentary in the document draws attention to it.","yes"
# Exactly five plants. Values are unmistakably fake by construction: a +91 90000 xxxxx number, a gmail.example address, XXXX-masked bank fields, obviously synthetic passwords and a 9999 8888 7777 Aadhaar-format string.
# NO OTHER PII MAY BE PLANTED ANYWHERE IN THE CORPUS. No other phone numbers, no other personal addresses, no other account or identity numbers, in any artifact.
# verified stays 'pending' until the QA phase confirms each plant is present exactly once and nowhere else.
# SYNTHETIC — generated for internal demo. No real entity depicted.
